PatchID,Abundance_2012,Longitude,Latitude,Host plant m2,Sh,road_PA,Plant_dryness,Habitat boundary_open,Patch shadow,Rainfall_July,Rainfall_August
29,2,3098327.92276097,6704645.54805266,,167.026523806581,1,,1,1,48.0058288188174,44.3646057865952
32,3,3098355.06536789,6704423.98998658,20,171.511134196402,0,15,1,1,48.0058288188174,44.3646057865952
41,4,3096879.53189515,6705474.69623113,1001,140.734475688964,1,10,1,1,53.7486906871482,66.1828625508268
158,3,3108300.77673875,6703380.62127912,20,230.766931792807,0,20,1,1,47.4344688926148,60.7615494170453
159,1,3118235.73655917,6710268.60346731,20,132.498928517878,1,3,1,2,44.5565389559473,54.8191451588717
54,3,3096713.67925728,6705280.19313539,40,151.179084039642,0,5,1,1,45.4700515096393,49.1042341139946
74,3,3101217.81706263,6717215.08755085,10,77.9799617897085,1,0,1,1,36.5693374342104,45.1380683887808
75,3,3102782.04188292,6716693.48062213,,99.4685343402814,0,,1,2,35.0475340798026,38.4292968247266
77,3,3102540.58819129,6713074.36970749,5,136.569692021608,0,10,1,2,37.7432960260536,45.0477234486108
79,3,3103040.57144251,6713183.27435177,30,135.347863638972,0,0,1,1,38.0728866447677,43.7273918521971
80,2,3103349.51320541,6717093.43268114,80,97.9840723213391,1,2,1,1,29.647719956644,43.260526390893
81,3,3103084.94798287,6717172.82603154,15,96.4477513215089,1,2,1,1,30.1336903730016,44.7397603922932
83,2,3103546.00303001,6717071.82190046,5,100.877495111259,1,5,1,2,29.647719956644,43.260526390893
90,3,3105466.60070777,6714557.55289003,15,155.343746016718,0,0,1,2,34.9486194361772,37.8953498520834
99,1,3108271.06131914,6716110.73467594,1,154.660457942986,0,0,1,2,39.0454360084954,48.8026269875711
104,2,3108183.44118893,6716569.94235786,1,145.631486217573,0,0,1,1,34.3687009642288,47.3381199252577
110,2,3108243.09380891,6717611.33655867,8,115.624842577008,1,0,1,1,39.3517408593679,44.9197189123136
119,3,3114977.95248389,6710806.72540166,15,149.23905556508,0,15,1,1,35.4961300942258,56.4505680847606
127,4,3112626.33425954,6706887.04591685,35,174.780115195891,0,10,1,1,41.3877671201756,58.3598956250142
133,2,3108153.26893038,6706501.71650945,100,231.877928623796,0,10,1,1,35.9590454376877,59.4906106282131
136,3,3110201.57048536,6701141.93947742,,187.32755355023,0,,1,1,65.0988040560856,51.4929836826114
147,1,3110147.70066584,6702852.07000098,2,224.380193284971,0,7,1,1,49.5544415663789,50.6781070436928
148,1,3110480.72323529,6703242.98283059,2,220.393898477283,0,8,1,1,49.5544415663789,50.6781070436928
175,2,3115248.77436792,6704719.09539869,4,208.667140031562,0,5,1,1,47.3665632090519,37.1251334313116
187,2,3117383.64554923,6705323.28728692,13,251.011815692414,1,5,1,2,39.3248761757459,41.448627741597
271,2,3124225.2323723,6698043.03645752,,336.594687927509,1,,1,1,48.6657295099769,68.4352719687487
211,2,3117727.63200686,6701103.73579531,5,257.77890192002,0,3,1,1,49.0457974115738,33.1410732697959
219,3,3119110.11065079,6698748.69600802,15,250.271037759639,1,2,1,2,43.4680162301745,39.6777371306862
224,1,3119842.97118794,6698223.35865508,4,247.809041029808,1,5,1,1,64.0942814845254,43.3855510044425
228,2,3121896.98558172,6698521.30130482,20,361.996937800467,1,5,1,1,55.4857728231912,58.8543700226484
231,1,3121531.62834188,6698820.97886602,7,342.993429129326,1,1,1,2,61.7661049187274,49.8300727299346
244,2,3122822.61483742,6700211.56073814,3,370.380597754875,0,3,1,1,51.0984608090502,54.3116954059933
251,2,3122455.10353171,6698256.68757215,8,382.264166242257,0,4,1,1,53.9549601205755,56.476409189952
265,2,3123080.9429281,6697961.18328684,20,371.139631057485,0,5,1,2,57.1632775775928,59.6153361478192
290,1,3133825.66381211,6697615.96968091,5,112.404554473915,0,3,1,1,36.7074330178986,44.6622269694885
292,1,3133491.97994358,6701975.41679993,15,99.6221449442923,0,2,1,1,37.5051526360889,48.9394736564427
293,2,3102992.15749218,6693097.53473075,7,128.622646122823,1,10,1,2,37.9516358061302,59.4346959855996
294,4,3095826.81308869,6693820.6516748,20,44.7029889059155,0,20,1,1,35.7252184689773,36.6209137073345
282,3,3125834.62162327,6697291.73118266,200,230.335352850653,1,0,1,1,48.8743790398426,51.5402360287928
285,2,3127143.53099799,6697231.77827192,6,173.814785603566,0,10,1,2,39.5295202434872,43.2119039952606
338,2,3109228.46335251,6680126.3741681,17,82.4430196931889,0,1,1,1,29.4702972596953,40.6896338780075
339,3,3109097.01628822,6680190.70814982,20,78.7435478170295,1,1,1,1,29.4702972596953,40.6896338780075
341,2,3108754.30650758,6697671.36386855,50,204.574722907641,0,5,1,1,53.9463416306458,56.0480252027263
299,2,3117837.29855076,6701000.61650607,13,258.103325632799,0,1,1,1,49.0457974115738,33.1410732697959
304,2,3099702.67834015,6688285.55851932,11,72.296601002987,1,1,1,1,34.8780273111467,55.4289298081276
309,2,3098149.5797385,6687293.04785516,1,53.5902721944048,1,2,1,1,30.1665265848502,49.2934788027038
310,3,3098662.82812985,6688845.56375425,30,58.9050046498172,1,4,1,2,35.9681552961741,48.6770797410797
317,2,3109186.11292651,6676256.17241004,4,45.1253007506166,1,2,1,2,22.628871603297,36.2302788114813
318,2,3109545.94074927,6676146.43467216,5,45.9608949410132,0,7,1,2,31.6702060635288,33.1114599544542
320,3,3110620.5412356,6676500.05689366,5,48.2457931793685,1,0,1,1,23.5605086935787,37.8602907197177
321,2,3110478.90614395,6677705.60350049,2,59.7234605284531,1,1,1,2,27.2693941893427,38.9853428546668
322,2,3110616.29120782,6677734.65871422,1,59.9558385033176,1,0,1,2,27.2693941893427,38.9853428546668
325,2,3110391.68782959,6677387.28870665,,59.4688621984006,1,,1,1,23.5605086935787,37.8602907197177
327,2,3109992.05391694,6677655.47371747,3,61.269151977926,0,2,1,2,26.3206702071141,39.0753494477648
330,3,3108963.8513229,6676878.59801147,9,47.9321362511816,1,0,1,1,22.628871603297,36.2302788114813
331,1,3109192.12740899,6677529.42514541,1,58.0412698047082,1,4,1,2,22.628871603297,36.2302788114813
332,2,3109425.99918548,6677540.13505471,6,57.6313545176813,1,12,1,2,31.6702060635288,33.1114599544542
344,3,3109123.23434842,6680382.44383127,6,85.5008208099914,0,0,1,1,29.4702972596953,40.6896338780075
345,2,3109154.29615219,6680440.10258686,5,85.7721019647016,0,1,1,2,29.4702972596953,40.6896338780075
346,3,3108135.10382487,6682438.5150679,11,81.9832392972767,0,1,1,1,28.9289428479334,37.6536466484108
348,2,3107610.92288761,6683513.68065123,6,92.1810309024779,1,1,1,1,30.6752031523467,34.2294692930556
353,3,3108183.60966683,6685797.15873229,2,113.750682062388,0,5,1,2,35.4983841402768,47.0182564949451
426,1,3112681.18812535,6692698.66498593,1500,169.494738145685,0,20,1,1,53.127496324118,48.5105934826829
355,3,3107098.99430769,6686505.17571346,5,117.983658399009,0,6,1,2,33.6759931263287,40.2267851662805
356,1,3107303.96647831,6687977.50918533,1,119.289314843837,0,0,1,1,46.8694792589192,48.7333914717531
361,3,3106503.27660969,6685120.11744379,4,99.1283530083963,0,15,1,1,30.6994291393889,38.0854321585768
385,3,3126104.13808403,6686651.73921604,50,262.804224266074,1,20,1,1,40.4054112130268,73.2130864149239
387,3,3101706.37405326,6710308.62708829,15,196.516044578166,0,5,1,1,36.0653686161227,42.1564849996725
389,2,3126067.75852797,6686433.11973762,8,266.181989880907,0,10,1,1,40.4054112130268,73.2130864149239
392,1,3126058.59884846,6686039.88131759,4,262.437909085482,1,10,1,1,24.3847150324413,53.0483215134708
406,1,3125115.91122049,6687675.68389808,2,276.286418709598,0,10,1,2,40.0782061995857,57.3038486221042
418,2,3125205.31073705,6686872.95503885,35,286.665662879832,1,15,1,1,36.8332998451238,54.3300694701089
429,3,3100810.58431698,6717108.97427167,150,68.9336690965994,1,0,1,1,43.2902743668412,48.1120139033474
439,2,3125313.34191225,6685488.04526196,12,260.987741502194,0,20,1,1,24.7869225138161,46.9739759945677
440,3,3125272.3417979,6685452.25096965,13,259.339813279392,0,20,1,1,24.7869225138161,46.9739759945677
447,2,3126078.37665017,6684616.05153192,4,229.902262866271,0,20,1,1,27.080783452202,46.461783500148
461,2,3108641.04260897,6691276.15698712,900,114.043871425694,0,30,1,1,42.439954414491,62.9719287540325
1,3,3100511.68515465,6712465.00972039,20,123.293327741079,0,35,1,2,38.7240556032371,44.2913191978753
2,2,3101205.12960934,6711985.49064805,5,150.126901147974,0,10,1,1,38.9107070120241,45.3206924136428
4,2,3101361.30607123,6710485.03476686,4,188.195138843244,1,15,1,1,38.8404107412506,41.7389189439384
5,2,3101447.00612436,6710154.12769006,2,198.913112272782,0,50,1,1,38.8404107412506,41.7389189439384
10,2,3101776.03715544,6710392.88336563,18,192.772277956958,0,7,1,1,36.0653686161227,42.1564849996725
12,2,3101537.87197282,6710172.68867457,6,200.800471224725,0,10,1,1,36.0653686161227,42.1564849996725
13,3,3102427.42301374,6709839.33549349,2,191.567655033828,0,5,1,1,39.0454520901516,47.5666731128556
17,2,3101523.86206076,6709742.96180612,10,198.445095652072,1,10,1,1,41.7299676390946,45.6870194244015
466,3,3113152.19934365,6692902.21853137,8000,146.862072343981,1,10,1,1,53.9245929607982,44.4451476281904
473,2,3107236.55060968,6687217.46225162,15,119.429730109882,0,1,1,2,33.6759931263287,40.2267851662805
474,3,3107890.55548238,6686975.75818488,45,116.049478559242,0,1,1,1,36.5499694946694,41.9688906233604
475,3,3107242.29250616,6687948.83851797,18,117.919427348135,0,1,1,2,46.8694792589192,48.7333914717531
479,3,3109330.33968544,6696911.47833416,8000,202.430473553716,1,40,1,1,53.6409680885917,53.1519090456613
481,2,3111728.07459826,6687706.35278428,1500,211.007533228411,0,20,1,1,44.2485237591174,46.643278509502
485,1,3125061.17424452,6687012.56435124,65,283.740175163385,1,15,1,1,36.8332998451238,54.3300694701089
488,1,3125012.35370726,6686769.16925506,20,282.813387469454,1,5,1,1,38.1274249923408,52.9232980055854
490,2,3125634.1691687,6684319.73095224,25,237.334133930566,0,15,1,1,24.4690240417735,49.6183303236273
494,1,3125506.04843318,6682619.61603671,2,218.944089878324,0,10,1,1,36.3575884736293,40.7777885973793
503,3,3141750.4879057,6682577.72814609,,94.8765224617325,1,,1,1,22.9335429051706,42.343380004918
511,1,3117307.24754985,6697832.41294082,40,207.020803702898,0,1,1,1,46.6032838997733,40.377865008336
538,1,3085611.49725358,6697114.53472456,3,42.7564433931705,0,7,1,2,41.6262840219868,38.9492503989845
539,2,3085692.85622032,6697061.8751586,10,42.5797640430083,0,7,1,1,41.6262840219868,38.9492503989845
542,2,3094448.9334675,6700504.26690918,8,122.948195627334,1,10,1,2,58.3257150141939,56.3043065029622
549,2,3093534.02239851,6700190.34540832,1,125.911851786395,0,0,1,1,63.5372009055398,56.1459684117168
555,2,3089966.61365064,6697479.32793727,5,91.1544201108414,0,15,1,1,41.3831322617501,56.2457611661266
557,3,3089646.15601966,6697915.58036731,10,104.121059780317,0,15,1,2,41.3831322617501,56.2457611661266
573,3,3090044.86127034,6703072.03274353,15,123.139795058968,0,12,1,2,47.9614191442478,50.0561898799146
575,1,3089610.61906733,6702594.38980399,7,131.942776397622,1,5,1,1,47.1712525981436,52.2476385749067
576,3,3090287.36896149,6702575.71847678,50,127.789059317439,1,5,1,1,48.9631844283878,59.0511581407324
580,2,3091068.00084335,6701442.26720602,7,133.400906425946,0,5,1,1,54.1648221771766,50.7020863180815
582,1,3092998.89880949,6704006.1159519,18,104.546143539066,0,4,1,1,51.8774252998148,57.3791865580647
585,2,3090817.73577487,6701183.58809699,5,136.909241461284,1,0,1,1,54.1648221771766,50.7020863180815
592,1,3119618.94057842,6699739.36061075,20,267.889088249747,1,0,1,1,54.0936059321779,53.9480778172006
595,3,3087388.33136079,6704491.31173435,3,62.3963263747577,1,3,1,1,48.981206641695,40.9237418912433
598,2,3089329.53622815,6701065.7324518,3,134.982133023038,0,2,1,1,47.1712525981436,52.2476385749067
606,2,3089043.55684202,6702002.68428654,200,133.769938955558,0,3,1,1,45.4570420600787,45.8266023745959
608,3,3087409.46821041,6702077.71571866,15,111.218204868844,0,2,1,1,46.2556332215492,39.4260247921967
609,4,3087266.99172205,6701947.63780806,3000,91.0848158680534,1,2,1,1,46.2556332215492,39.4260247921967
610,4,3087522.87669785,6702171.01602919,2000,100.110598920305,1,3,1,1,46.2556332215492,39.4260247921967
611,2,3107337.22742693,6716929.15559312,1,137.786204548646,0,0,1,1,31.88446346136,47.7632120830049
614,2,3107094.67836574,6717593.12916844,5,114.177642477183,0,15,1,1,37.7826714510233,48.1780323156234
618,2,3106769.51516912,6716022.8601217,1,149.029028564614,0,5,1,1,31.88446346136,47.7632120830049
629,3,3107379.52597083,6709199.92192057,200,230.712524134519,1,10,1,2,34.3466003745079,49.9629699798085
630,3,3106297.80028963,6707615.64692796,180,204.317913502927,0,20,1,1,43.8849762503612,48.7333403216209
635,2,3106412.12420232,6710514.89371871,170,218.992575635235,1,5,1,1,36.0710169195897,48.491462872954
636,2,3106343.90870852,6711347.63889618,15,212.673455332699,0,5,1,1,40.1679533116247,50.7073473228993
637,1,3106102.70663562,6711219.01400656,13,213.573804771068,0,15,1,2,40.1679533116247,50.7073473228993
639,3,3108531.90439712,6708473.830708,250,213.559266832886,1,10,1,1,33.7913211968068,57.0156293904946
647,2,3110179.34754863,6713331.71658759,75,186.820332815025,0,5,1,1,42.3651408497885,56.9302331447588
648,3,3110146.7098618,6713212.87379177,350,185.247836257797,1,100,1,1,42.3651408497885,56.9302331447588
649,2,3110031.7827033,6713075.211909,8,190.985605599296,1,10,1,,42.3651408497885,56.9302331447588
652,1,3109696.96290714,6710391.32430655,3,192.208047815642,0,10,0,2,29.6303320922165,50.6542945581763
661,3,3108882.68858223,6711114.21206416,400,199.606496661735,1,59,1,1,31.9295763822516,50.8868433790371
663,2,3106841.20847089,6703233.05231374,4,233.822941816864,0,3,1,1,49.6233108135389,53.0486424641102
674,2,3104903.09120218,6701164.27978056,5,236.028288073359,0,10,1,1,75.2559275920394,66.2192695370189
683,3,3104632.86586898,6702099.39941573,4,242.296667459508,1,10,1,1,60.6779328510147,62.6222329403915
688,4,3104529.34943278,6709597.01093766,200,197.203846618508,1,10,1,1,37.8070321387643,50.2993230353277
689,2,3121363.9835865,6703443.22926667,300,271.956232902331,1,5,1,1,53.6175467703099,55.5116320339272
693,2,3104808.80960251,6709901.30316941,20,207.310128124477,1,10,1,1,37.8070321387643,50.2993230353277
696,3,3104487.8912081,6709329.84379476,10,201.867159037454,0,10,1,1,37.8070321387643,50.2993230353277
697,2,3104033.04930353,6706837.25010513,30,172.352439099777,0,15,1,2,50.3518421213608,48.2352554525107
705,1,3122837.75857019,6703215.3256944,20,274.78990766262,1,5,1,2,40.7080545354563,58.8222947804557
706,1,3122813.94755667,6702713.76148577,8,296.73963168913,1,4,1,2,44.3088950918342,56.6420596972066
718,1,3123460.9480857,6702251.52175266,40,307.190355145621,0,5,1,1,38.7158879718691,54.3885481327761
734,4,3126304.08610958,6704062.67846634,25,136.577003602256,1,10,1,1,34.5232614308826,49.6535789163611
735,2,3126312.33194682,6704213.55115052,10,134.571037575707,0,15,1,1,34.7054406613292,49.653203731706
747,3,3106272.69577692,6699173.48080987,,194.10540577396,0,,1,1,58.9355341672896,53.8363220343943
771,3,3104862.69490727,6699617.83408298,20,196.95339649427,1,5,1,2,69.3229189227997,51.8667522660611
776,3,3102705.63770382,6696083.17835953,10,158.960727124532,1,20,1,2,41.742095699001,49.1322103111555
785,4,3101736.97793172,6696379.47463378,100,155.851440497344,1,20,1,1,41.8044855767779,52.2865597274214
815,3,3100449.82465617,6700722.15627946,500,183.855390170032,0,6,1,2,59.4658171494866,49.2339752406566
829,1,3097819.16877726,6698877.95972172,1,117.188286429557,0,5,1,1,55.9515843250701,48.7614826345298
833,3,3105816.38295005,6687326.30561249,2,117.993037609608,1,0,1,1,34.9405720671031,44.976888311833
838,3,3113088.78478327,6686502.6023961,90,158.92804748746,0,5,1,2,42.2595980636164,30.0753383607028
845,3,3112251.97990168,6701033.8342639,100,194.832044702161,0,8,1,1,49.8630757178654,57.2810219728569
853,3,3108977.22140151,6697022.81941464,200,218.022115360619,1,30,1,1,61.0864658695193,54.2920437573855
876,3,3110727.17722525,6689878.36441109,4,152.289841807958,1,0,1,1,45.7960102327136,68.5927265667028
877,4,3110604.60282554,6690033.25092526,100,147.082265180645,1,30,1,1,45.7960102327136,68.5927265667028
878,1,3120663.55043999,6705882.62256252,5,243.986276984377,0,7,1,2,46.5007599622431,48.9032863531079
889,2,3139481.323428,6683711.00721474,2,101.926925660158,0,7,0,1,30.223586555372,43.428376747645
896,2,3139425.30754429,6683310.61019617,3,108.749644238206,0,100,1,2,30.223586555372,43.428376747645
902,3,3141629.20910509,6682479.53586437,10,95.1860724417101,0,8,1,2,22.9335429051706,42.343380004918
906,1,3137731.76254249,6682115.82801029,5,98.5718028044702,0,2,1,2,30.4830535004621,40.4489784035519
908,1,3140118.19110921,6681857.00061772,1,112.210880829,0,3,1,2,22.1226338640772,35.7047479851634
933,2,3142048.19004719,6682418.88385169,2,90.9266720111992,1,0,1,2,26.5743016884266,47.0273673500709
946,2,3121793.01854533,6681895.71138325,,211.826913060331,1,,1,1,30.9135350557044,59.7710660587144
950,2,3120450.10908158,6706333.50603418,5,234.405652016875,0,10,1,2,47.3432985250492,44.5437017719269
954,1,3121347.29899555,6682542.67519367,69,194.69626918346,1,6,1,1,31.4255418553303,56.0408292352942
955,1,3121135.48471373,6682577.33874117,15,187.569599363287,0,7,1,1,30.1900853258951,71.5515045119936
956,2,3121205.20645629,6682498.36027764,11,193.266995782151,1,6,1,1,30.1900853258951,71.5515045119936
958,2,3121532.70873273,6682638.80045273,5,203.567378039918,0,6,1,2,31.4255418553303,56.0408292352942
961,2,3120048.55829038,6683885.26099622,1,128.126184446082,1,0,1,1,34.2048903179169,61.9041834481447
964,1,3121149.99963505,6682096.82579331,15,191.268137419129,1,5,1,2,30.3404441334284,69.2277711667059
987,3,3100415.81291412,6712417.56316235,30,118.325249576974,0,30,1,1,38.7240556032371,44.2913191978753
990,2,3094229.77246788,6710050.47029401,10,46.5151448891293,1,5,1,1,37.4257049215089,47.4435745378607
1002,2,3107213.2234541,6708610.32538324,,230.445197730079,0,3,1,1,34.3466003745079,49.9629699798085
1003,2,3110184.03288845,6713797.61781392,250,175.300586671226,0,10,0,1,42.3651408497885,56.9302331447588
1012,3,3104276.59739515,6707274.46244329,50,166.349045753856,1,0,1,2,42.9557067141638,45.0425121797014
1016,2,3119998.75835986,6712270.98200145,5,83.6877215217908,1,6,1,2,35.9120771424548,55.0071837638014
1019,2,3118588.00373505,6704341.99316388,40,258.810910543333,1,4,1,1,50.6904349710076,47.0549954703864
1025,1,3123826.60812763,6701851.14995674,45,310.725388822622,1,4,1,1,58.5399090238147,57.4004161134101
1030,3,3095250.62597822,6698469.2742326,30,85.4850069727039,0,3,1,2,56.4699001674521,46.5464531048547
1038,2,3103113.87516318,6692977.53893124,20,126.683720653826,1,15,1,2,40.0669881991783,68.5007730255351
1045,2,3095714.45163526,6694686.1412902,10,48.3423191796768,0,5,1,2,36.2859040738083,40.306228327772
1047,4,3087649.37479018,6703821.13603655,15,80.3272520327263,1,8,1,,49.499203385046,36.0461888874009
1062,2,3126794.24689781,6690954.96170893,8,164.797815996908,1,10,1,2,29.5634675905902,48.1049753065118
1067,2,3124459.26576662,6689575.85180429,,187.722887687041,1,,1,,35.9796734620841,68.3408602015851
1076,3,3104221.48237593,6702173.81574809,20,230.939102243187,1,10,1,1,61.6445167315504,58.0008073997477
1077,3,3104883.34413126,6702022.22344742,10,244.530672222088,0,10,1,1,60.6779328510147,62.6222329403915
1093,2,3123970.03295643,6697786.8744721,200,341.172219461007,1,0,1,1,48.434128370812,65.1941351877966
1094,2,3125758.87464827,6697889.53912158,50,241.109341826959,0,0,1,2,48.8743790398426,51.5402360287928
1095,3,3126395.05197035,6697695.3229282,35,207.45589071272,0,3,1,1,48.1300090929489,47.8065435597279
1096,2,3127250.03335425,6693700.86097278,200,125.654543802052,0,3,1,1,29.9837278745619,41.6902541600897
1097,1,3127049.89255068,6693876.19256517,200,127.671018882815,0,3,1,1,29.9837278745619,41.6902541600897
1099,3,3113567.79598367,6713937.53886417,50,138.044494557429,1,50,1,1,41.034284457783,56.9590446499103
1125,3,3125420.79703338,6682554.80805262,10,219.606730726477,0,10,1,1,36.3575884736293,40.7777885973793
1149,1,3121801.04926394,6703609.4685807,10,274.64494947577,0,3,1,1,44.7320892778063,56.6767658601343
1164,1,3119263.41958222,6676088.87822106,10,143.458874505638,1,0,1,1,36.1945264812395,61.085479906081
1166,1,3118089.22856512,6673703.1161085,2,82.9086690498694,1,1,1,1,36.9130737550147,45.1112299869173
1174,1,3120492.25056904,6678054.23662468,5,145.772609128306,0,20,1,1,30.9889948145612,47.0212479081407
1176,1,3120242.49831604,6678919.95215398,60,147.047791330771,1,20,1,1,28.9128281260009,51.494246744069
1177,2,3120235.34102601,6678619.64460682,35,149.017532002956,1,30,1,2,28.9128281260009,51.494246744069
1189,2,3120413.48343127,6678934.2699569,60,146.751321570085,1,25,1,1,30.9889948145612,47.0212479081407
1193,2,3120388.13703183,6679020.4012114,10,149.121582333924,0,20,1,1,30.9889948145612,47.0212479081407
1203,2,3116840.05509715,6676508.065579,35,105.757597382429,0,15,1,,38.5856764567625,53.426755595869
1223,2,3130556.69137932,6691380.58917793,7,86.7392979972656,0,10,1,1,27.8639885506214,35.8209481894451
1234,2,3155281.19304548,6697915.42967344,1,111.771269075005,1,0,1,1,30.1588818516718,34.5640749120391
1237,1,3156484.38400399,6697701.60498903,,114.969194197886,1,,1,1,30.4926429034719,32.6815388955028
1239,1,3157203.08026182,6698334.93278906,6,119.521872435992,1,3,1,1,35.2692577963694,29.4677225452874
1321,2,3155044.29129409,6698032.31867699,2,107.660575942041,1,0,1,2,30.1588818516718,34.5640749120391
1328,2,3150665.54845518,6694399.02214032,20,81.7650840509288,0,10,1,1,37.2499764831128,43.8283648850198
1334,1,3150818.1400024,6693399.1540399,3,95.3028091894656,0,25,1,1,28.1811357263825,38.4192140868241
1342,2,3150997.0395274,6693139.13867669,,92.1334606768193,1,,1,1,27.6990542151957,33.6567506194045
1345,3,3150891.69853582,6692752.22162035,7,88.4050868773553,1,2,1,1,27.6990542151957,33.6567506194045
1346,2,3150940.35261,6692855.64992749,1,92.3569898731282,1,0,1,1,27.6990542151957,33.6567506194045
1366,3,3111362.33950062,6683606.30122162,16,125.62513819485,0,14,0,1,98.0903381863373,84.3533315096282
1367,2,3109910.64062404,6683345.72010474,13,104.556469459969,0,6,1,1,28.239239331358,44.7946605243073
1370,3,3111376.53873802,6683691.68243044,100,125.10243917764,0,13,1,1,98.0903381863373,84.3533315096282
1374,3,3111829.83086605,6682208.59388756,6,105.275780681906,0,5,1,2,36.6086502365161,45.1261513063633
1375,2,3112634.35246737,6682777.25028038,16,121.490064388557,0,8,1,1,33.1153871265255,34.9331052884046
1377,3,3111668.58785839,6713473.59376884,200,179.427028870876,1,20,1,1,36.8538238026992,63.8316899773799
1378,2,3114344.15865659,6712048.1972371,10,141.725640825535,0,10,1,2,36.1118299410456,53.2033021679383
1384,2,3113931.99307654,6713814.22500163,300,130.906640580289,0,30,1,1,34.6325116952036,59.7642617092219
1385,2,3113691.11381102,6713819.51249626,50,138.446350018917,1,15,1,2,41.034284457783,56.9590446499103
1386,2,3113208.37297544,6714529.76170409,60,128.512493878639,1,5,1,1,40.7646808568789,56.1812410523642
1393,3,3111926.2652798,6713565.89612003,250,177.195747210239,1,10,1,2,36.8538238026992,63.8316899773799
1398,4,3112073.65859552,6712647.64530185,500,179.080994284894,1,40,1,1,34.1934753690917,59.9986382775519
1402,2,3111806.3433849,6712719.14982849,200,186.067918295884,0,15,1,2,34.1934753690917,59.9986382775519
1412,2,3111232.57441629,6714763.19754701,100,146.175587442061,1,15,1,1,43.1705109700307,57.5561397588994
1424,2,3110889.27517961,6711070.68079578,15,179.89038587798,1,25,1,2,32.4682011868692,54.9378105308769
1435,2,3146985.63842142,6686736.20865645,7,52.8838061756886,0,25,1,2,30.2408002631693,40.2927694084928
1436,2,3148204.44891984,6686374.79669987,10,73.3712769848942,0,15,1,1,26.8459130202233,36.7172315339291
1439,3,3148698.15686099,6686256.30095692,70,71.8554536880148,1,10,1,2,23.6804787801957,34.9190383578044
1442,2,3147838.70337621,6685727.92534237,10,69.6780304072045,0,10,1,1,26.7780505503316,38.1239264974179
1518,2,3101292.62641428,6697057.94553789,3,173.344810184176,0,10,1,3,61.1305480319091,71.7177951516251
1522,1,3122185.38336459,6682227.01397924,30,223.671860133613,1,3,1,1,32.8470975204101,55.6773990704791
1528,2,3139423.87716618,6683717.61364493,2,100.615003176735,0,5,1,2,30.223586555372,43.428376747645
1529,4,3151078.72967087,6692713.08297412,7,86.050740980412,1,0,1,2,27.6990542151957,33.6567506194045
1532,1,3120014.06740576,6677927.30072892,30,145.733458255883,0,30,1,1,28.9128281260009,51.494246744069
1535,1,3113952.30907061,6681679.73744298,3,112.157970878261,1,15,1,2,36.1703484019412,34.0281467969715
1541,1,3124770.13637956,6686950.53512715,700,274.122873236006,1,5,1,1,38.1274249923408,52.9232980055854
1549,2,3118484.71997478,6704710.44592154,15,267.31302880301,0,5,1,1,49.4785442110793,39.7881128931702
1553,2,3125942.40020255,6687348.84111694,3,272.5517831477,0,10,0,1,36.5100756336902,65.9343260021
1556,3,3118742.00327102,6704027.11275912,30,262.728086623958,0,10,1,1,50.6904349710076,47.0549954703864
1557,1,3108077.13781655,6715572.05814718,4,158.404449468979,0,1,1,2,39.0454360084954,48.8026269875711
1596,3,3112461.73727604,6692208.99806219,40,171.562732893751,0,10,1,1,56.8624218270004,42.2372526023272
1602,3,3115428.64827097,6705691.06423162,100,200.214542088748,0,3,1,1,47.3665632090519,37.1251334313116
1604,1,3116871.67336657,6704181.44446207,25,242.462813575211,0,1,1,2,46.6352386740354,38.1240685893157
1614,2,3112011.49417714,6692094.7368201,1000,163.874969477994,0,5,1,1,56.8624218270004,42.2372526023272
1627,2,3120674.01142541,6704966.94013062,30,252.324106892585,0,20,1,1,46.5007599622431,48.9032863531079
1630,4,3101890.09851707,6701855.57138892,30,187.381713853835,0,5,1,1,60.1937988835454,44.8892095134035
1633,2,3089863.94255852,6698474.56023113,5,114.679657115651,0,5,1,1,41.3831322617501,56.2457611661266
1641,3,3089321.07434477,6698358.65902911,7,108.000308547877,0,15,1,,45.5600911935609,52.401353879951
1642,2,3089452.94113053,6698490.72424265,10,111.28106110005,0,1,1,1,45.5600911935609,52.401353879951
1648,3,3090194.98382475,6702050.45582945,8,139.198004538352,0,15,1,1,48.9631844283878,59.0511581407324
1655,2,3090719.96361137,6701247.13718143,6,138.13916676553,0,0,1,2,54.1648221771766,50.7020863180815
1663,2,3108132.25844991,6706160.1033106,1000,228.507597036171,0,5,1,2,38.7960621089862,60.7479229760044
1669,2,3093428.09721118,6700262.59650623,5,124.438335002239,1,5,1,1,52.2480152618397,66.0933787392106
1670,1,3093286.46488925,6700192.86153355,20,117.21024186873,0,5,1,1,52.2480152618397,66.0933787392106
1672,2,3093564.3698788,6700223.61580909,1,125.89840091594,0,0,1,1,63.5372009055398,56.1459684117168
1676,3,3094458.25044441,6699715.91663465,80,110.821828457104,0,5,1,1,58.2063843699915,56.9736209791111
1692,2,3123875.86986461,6683479.3455272,25,231.540525299515,0,2,1,2,33.326626216514,51.9685271527398
1695,2,3115711.23154603,6707383.83614797,40,184.580370292311,0,5,1,2,40.9965099280194,50.8238164313324
1706,3,3114207.03598359,6708257.64867266,12,179.57821633218,0,0,1,2,37.9241086789473,60.3611360896119
1713,2,3101780.50024375,6688422.70101392,2,95.3408321282023,1,0,1,1,31.5426007122591,45.6161706941384
1718,2,3122322.02126238,6699167.4444317,7,385.108532066003,1,4,1,1,55.4857728231912,58.8543700226484
1736,2,3109402.14387521,6676220.9905376,2,46.8112491169944,0,4,1,1,31.6702060635288,33.1114599544542
1747,1,3113000.43251947,6693661.72305449,10,165.638776258541,1,15,1,2,48.0843970336235,48.8836117205934
1748,4,3109743.52423373,6695840.14671477,3,211.095554842927,1,4,1,1,48.3595245013381,46.9975015531999
1752,2,3115354.16088693,6683157.28130486,10,127.834801398244,0,10,1,1,32.7121855946267,31.6409325124757
1757,1,3126712.21554196,6689194.5899139,1,218.04525824151,1,0,1,1,31.1219936185177,58.5020774022965
1767,1,3117566.36077206,6698065.01005283,3,227.484275028122,0,5,1,1,44.8941156953408,45.7974716984627
1770,2,3123994.07359233,6698150.34087812,2,356.214897605254,0,0,1,1,48.434128370812,65.1941351877966
1780,2,3123558.03649891,6707982.77009339,5,129.145539347611,1,10,1,2,39.566557845561,46.3349052816537
1792,2,3122929.21269118,6708707.67593314,1,133.730692868362,0,15,1,2,53.8380366745879,76.0709032361048
1799,2,3124296.01808326,6710450.20569695,5,70.8089235165416,0,15,1,2,43.6273761564642,46.0934559498824
1800,2,3124230.7149663,6710363.22448366,5,73.7611024740098,1,10,1,1,45.1862453082742,46.5816574730217
1807,1,3121754.29121857,6707638.80969287,7,184.382857349009,1,15,1,1,66.9457620963004,53.3543597022269
1826,3,3120530.91076274,6706997.32438762,3,218.498605814038,1,10,1,1,47.3432985250492,44.5437017719269
1840,2,3119450.84241118,6704999.42781416,15,263.193960533797,1,3,1,1,38.7822109695693,43.7425306387462
1843,3,3120511.03012605,6704855.08216091,10,260.682517852603,1,3,1,1,46.5007599622431,48.9032863531079
1847,3,3120441.88031469,6704879.9321069,5,261.290525943686,0,15,1,2,46.5007599622431,48.9032863531079
1859,2,3119212.06802054,6704011.19042995,15,263.608545852953,1,5,1,1,45.0338004916392,49.5070323734123
1860,2,3120061.7908638,6702800.70679935,6,270.495806087116,0,3,1,1,52.5152599628462,45.6609903136804
1882,1,3123664.43819656,6702518.18728648,,294.989984747497,0,,1,2,38.7158879718691,54.3885481327761
1919,2,3125389.31193865,6702682.6026585,3,215.737671680649,1,15,1,1,40.9541227944243,48.6029680376453
1936,2,3115667.73282256,6701816.05920203,6,220.528462174978,0,4,1,1,47.2514122359977,36.5176106147114
1952,1,3116718.80798001,6700685.70895046,2,253.518057164814,0,4,1,2,44.606889797424,32.2123798015586
1956,2,3115239.17634262,6699017.66193443,600,182.728330247825,1,2,1,1,46.8436587549395,42.1766320032297
1962,1,3115052.46385617,6702437.18893098,,204.587579970155,0,,1,2,49.7841953316845,38.6024302768893
1986,1,3116626.45906682,6704893.95490807,3,241.104349537447,1,1,1,1,56.6697220595806,36.5455930515904
2024,2,3125884.45660479,6697000.54722832,5,228.114597396792,0,0,1,1,46.4137083223944,48.6291357486669
2025,1,3125671.97303508,6696908.65541409,10,231.907479153499,1,0,1,1,46.4137083223944,48.6291357486669
2033,4,3124159.55064079,6697632.03808761,100,326.062912461461,0,0,1,,48.6657295099769,68.4352719687487
2038,1,3123426.35834985,6698038.83036223,1,373.176959427647,0,2,1,1,57.232298157937,63.6056898492736
2079,2,3122970.9460168,6699952.07336276,1,377.392581029301,0,0,1,1,51.0984608090502,54.3116954059933
2082,3,3123575.49145215,6700429.92679942,9,357.811161832572,0,35,1,2,52.2419643921586,56.4206564250888
2104,2,3121932.42134808,6698739.52522439,3,370.108648171997,0,7,1,1,55.4857728231912,58.8543700226484
2110,1,3121918.85240625,6698673.20578392,10,368.142516942864,0,3,1,1,55.4857728231912,58.8543700226484
2128,1,3120861.00357657,6695766.03571337,6,163.472542544887,0,1,1,1,52.5727228894002,67.4769444771489
2129,2,3120786.89857426,6695551.31744657,20,150.322261529002,1,0,1,1,52.5727228894002,67.4769444771489
2155,2,3118483.30923546,6699121.17187148,10,252.743226146678,1,2,1,1,42.0246060579945,37.7451742252241
2181,1,3117261.83626874,6697240.79832609,25,193.126833579804,0,5,1,1,49.831217115127,43.7020362356098
2194,2,3112286.10444864,6701241.46482021,1,197.372598853104,0,0,1,1,49.8630757178654,57.2810219728569
2200,1,3087989.82570534,6693935.94003355,1,31.697109087794,0,15,1,2,43.5389643353396,39.4413188986016
2203,2,3089739.50821992,6694491.38551451,2,36.1161041940425,0,15,1,2,42.1531922010831,32.7997863301484
2218,2,3089192.66411715,6698947.82598103,1,111.33405573283,0,10,1,1,50.1137383079565,51.4992750750688
2220,3,3088488.81390072,6701333.76029463,7,123.886729968937,0,3,1,1,47.1896538873951,42.3907673744888
2234,4,3087285.84167028,6703489.92114187,200,80.7172818273025,0,3,1,1,48.981206641695,40.9237418912433
2236,2,3087457.49997246,6703542.04159629,3,86.5420027553302,0,3,1,1,48.981206641695,40.9237418912433
2241,3,3088530.06937606,6702352.28424009,5,125.775064495733,0,3,1,2,47.1896538873951,42.3907673744888
2251,2,3091144.1059534,6709788.00868781,40,55.1536287327675,0,10,1,1,41.6029680817191,49.6908815856588
2274,1,3125898.86695769,6697065.27018505,5,230.427679723072,0,0,1,1,46.4137083223944,48.6291357486669
2278,2,3125610.95994385,6697310.1840565,30,247.155860239896,1,0,1,1,48.8743790398426,51.5402360287928
2288,3,3153998.06299329,6699273.83887897,,81.7118926203424,1,,1,1,28.7752121424942,23.9050510837605
2310,2,3090761.50766691,6701081.95982645,3,136.664435300039,0,10,1,1,54.1648221771766,50.7020863180815
2318,2,3127059.78654892,6703505.99481556,3,129.623771628127,1,0,1,1,34.5086323662281,56.4887125616294
2412,1,3157553.54236928,6697211.51884855,25,87.7685324975242,1,8,1,1,29.4824112028191,31.634456666469
2477,2,3149941.5908865,6695201.98303775,4,60.0749911642064,1,1,1,1,32.4756012122298,37.478750994523
2478,1,3150586.82173834,6695205.25751884,1,68.843262022435,0,1,1,2,45.7845276360088,39.0223546086197
2480,2,3150707.10834677,6694601.58679235,1,80.4724613536387,0,1,1,1,37.2499764831128,43.8283648850198
2485,2,3150744.15061203,6693697.93123148,1,94.3664587052292,0,0,1,1,37.2499764831128,43.8283648850198
2499,3,3150805.74153584,6692797.3755439,20,88.4701691106393,1,10,1,1,27.6990542151957,33.6567506194045
2522,4,3151831.50995722,6694862.09724563,,70.7062344958965,0,,1,1,29.8117177300612,35.6802360448358
2545,2,3130763.53165272,6691966.21033003,5,81.6629020998566,0,10,1,2,26.6045739329488,37.9371612417763
2563,2,3128946.09614982,6690417.10514152,10,120.898822495554,0,10,1,1,31.3619749332613,56.8769793543306
2591,2,3126465.08521982,6690141.79526972,1,195.604548737355,0,0,1,2,31.1219936185177,58.5020774022965
2625,2,3126559.86049885,6687942.42560771,,239.154116493651,0,,1,1,35.6316684858141,77.9030236078151
2640,2,3127265.68554482,6685746.65918555,4,192.515313012793,0,20,0,,25.6076326502898,44.5233735562019
2642,2,3127408.79237495,6685582.20386093,3,181.41146774836,0,10,1,,25.6076326502898,44.5233735562019
2683,2,3123688.99278378,6687122.49064894,50,216.036904845669,0,5,1,1,39.1444504042033,62.0129322938483
2746,2,3125127.460009,6684934.68908748,8,247.68859786167,1,25,1,2,24.7869225138161,46.9739759945677
2753,1,3125525.23896148,6684318.62992542,6,239.574738132075,1,15,1,1,24.4690240417735,49.6183303236273
2765,2,3126143.63821741,6684921.41285976,9,233.976772756567,0,15,1,1,24.3847150324413,53.0483215134708
2772,1,3125516.22004811,6683617.67169688,5,228.96149661562,0,15,1,2,24.4690240417735,49.6183303236273
2773,2,3125518.55649373,6683510.57803474,6,228.341137009013,0,15,1,1,24.4690240417735,49.6183303236273
2774,2,3125517.44283199,6683234.74207039,5,225.017581051577,1,20,1,2,36.3575884736293,40.7777885973793
2776,2,3125420.89717094,6683132.62574648,6,227.603782035284,1,20,1,1,36.3575884736293,40.7777885973793
2802,1,3124935.51362806,6682891.89782851,7,231.83405650399,1,40,1,2,32.217164907417,47.3874545378023
2807,1,3124285.14298595,6682510.81960598,7,229.909983827362,1,15,1,2,33.326626216514,51.9685271527398
2813,2,3124024.98308849,6682718.7110808,5,234.584224853077,0,3,1,3,33.326626216514,51.9685271527398
2821,2,3123089.20229933,6682450.02763877,350,231.882711542107,0,10,1,2,33.4991869339951,52.8123022860471
2836,3,3122552.20601607,6682295.44076543,50,228.02693256939,0,5,1,2,35.5719305033931,60.8952669026316
2850,1,3121357.91027413,6682209.34003798,5,201.972007712852,1,0,1,2,30.9135350557044,59.7710660587144
2891,2,3120489.76137729,6683390.69142118,5,147.810695089457,0,15,1,2,27.5846965968746,66.4995273715885
2892,1,3119877.8967374,6684145.29319821,10,118.725562395707,0,0,1,2,34.2048903179169,61.9041834481447
2908,3,3117990.73493536,6707438.56617599,30,189.818884591315,0,1,1,2,46.4144865379678,49.2791453813063
2911,2,3112873.39977148,6683408.28215902,5,130.460572508208,1,4,1,1,33.666510786838,33.5564013965678
2923,1,3132849.62537521,6695914.50365801,2,100.153947008187,0,1,1,1,55.8836500730818,75.3179966659338
2931,1,3132880.97678337,6696310.66688144,2,106.176982541229,0,2,1,1,55.8836500730818,75.3179966659338
2935,1,3132945.19382308,6696213.84764136,,105.999990152912,0,,1,,55.8836500730818,75.3179966659338
2937,1,3133202.70364432,6696149.05697369,1,106.627327847766,0,1,1,1,51.8593544882433,58.6888583351759
2949,1,3133537.15683206,6696236.36643473,5,104.917898123881,1,2,1,1,51.8593544882433,58.6888583351759
3033,2,3133654.62543412,6701869.23428612,,100.831158567675,0,,1,1,30.1551457040897,43.7025309209134
3037,1,3133412.17747729,6701973.91888877,2,100.354674841015,0,2,1,2,37.5051526360889,48.9394736564427
3039,1,3133501.07532246,6701746.11997447,1,104.077404215268,0,5,1,1,30.1551457040897,43.7025309209134
3055,2,3132571.68004226,6700290.94356348,31,110.08876503458,1,3,1,2,31.2388823117096,42.631172611393
3061,2,3132402.69917232,6700217.75480224,2,111.227778683507,0,1,1,2,31.8411221844611,42.8981897515943
3062,2,3131550.33500363,6699935.20921791,2,104.78130828983,1,20,1,1,32.714081696036,42.0129203507334
3063,1,3131157.60008276,6700100.30926557,2,99.6742688263034,1,5,1,1,32.8498377960384,39.2315068801226
3065,1,3130999.35402046,6699587.0237432,,102.222807614077,0,,1,2,33.3735270369887,45.9098712684275
3108,2,3128348.55953591,6696117.81939147,15,141.42443839799,1,10,1,1,41.7316616163267,43.2016048831165
3117,1,3128990.46055595,6696731.98965847,,135.523100336134,0,,1,1,36.092183283006,43.2666600822588
3118,2,3128999.3657991,6696679.65293819,10,136.598873223055,0,50,1,1,36.092183283006,43.2666600822588
3123,1,3129414.71057436,6697025.32871224,50,126.275063111272,1,15,1,1,38.9851567592738,50.982476409604
3131,3,3128756.51574879,6696466.88001167,4,139.647399909459,0,3,1,1,47.8283187775128,41.8112555796939
3144,1,3126952.60532731,6693747.45078955,,135.162616442493,0,,1,1,29.9837278745619,41.6902541600897
3175,2,3091997.88939863,6709176.21316236,2,65.2456074149694,0,15,1,2,39.9822916085553,44.6964581737227
3176,1,3092989.57655534,6704173.88165898,2,104.428277976438,0,3,1,1,51.8774252998148,57.3791865580647
3177,3,3087363.22807643,6703404.76464342,3,87.6897482446944,0,6,1,1,48.981206641695,40.9237418912433
3193,1,3101173.15541375,6716159.68626057,5,84.8547382507054,0,3,1,,36.5693374342104,45.1380683887808
3196,3,3105379.82741789,6714911.69067925,10,148.959315548832,0,0,1,1,34.9486194361772,37.8953498520834
3198,2,3107431.05641576,6715121.44399443,,156.54802319887,0,,1,1,44.6466042554079,47.0639339676803
3199,3,3101719.48979774,6721747.0885428,17,33.5485757500938,0,30,1,1,38.0146345754766,40.5305999194218
3200,2,3101749.94581106,6721600.15218905,4,40.6304853333595,0,10,1,1,42.301968356945,41.8469022436447
3201,3,3102327.37582097,6720896.33555082,20,46.0356519494952,0,10,1,1,42.520455325422,45.2542975994061
3202,2,3102056.65388026,6720794.85676663,10,46.8139236151315,0,15,1,1,42.520455325422,45.2542975994061
3207,1,3108537.69794175,6713067.07335943,18,181.752949317314,0,5,1,2,36.3802160676086,45.6409700227625
3210,2,3118516.96609697,6710821.54348445,30,120.192434353212,1,2,1,1,44.5565389559473,54.8191451588717
3211,1,3119461.23907779,6713375.07500057,2,77.1817281959144,1,2,1,2,31.5161272276085,62.2870630724322
3219,2,3118179.49086464,6710450.40223663,80,129.251955630285,0,3,1,1,44.5565389559473,54.8191451588717
3220,2,3118604.81138869,6712008.86406996,15,98.7396436116685,1,5,1,1,35.8764733675165,58.7838743058793
3223,2,3119096.63608136,6711528.17119824,20,102.888323757983,1,5,1,1,34.4861556637929,56.4444068144448
3224,2,3119481.63551773,6712094.57628756,5,91.1085015723801,1,10,1,1,34.4861556637929,56.4444068144448
3225,2,3119707.70872699,6714690.51540054,9,55.4573859825505,0,1,1,1,29.954029562385,66.2036246261547
3229,1,3118822.01863535,6711386.86641545,8,108.446544791432,0,3,1,1,34.4861556637929,56.4444068144448
3231,2,3120961.39179659,6707941.80430707,5,182.380705566244,0,5,1,1,44.2657595386126,49.1872825836186
3233,1,3116672.59504657,6704142.90176015,3,240.729107005273,0,2,1,2,46.6352386740354,38.1240685893157
3234,1,3117389.27846382,6705441.42258033,1,250.386639817398,1,3,1,2,39.3248761757459,41.448627741597
3239,2,3119534.45172177,6713781.35021274,15,70.9383583066302,0,1,1,2,31.5161272276085,62.2870630724322
3246,1,3119279.45091165,6715529.99101997,4,41.7544912839207,1,1,1,1,28.7389395037445,65.0381395181643
3272,2,3112590.44202248,6683906.88859721,2,133.976982976472,0,6,1,1,33.1153871265255,34.9331052884046
3283,3,3149212.0089971,6683303.70633168,15,32.4004228808404,0,30,1,1,86.4484356264572,47.914081601649
3301,4,3111566.60054909,6719470.95256394,10,34.6699085748054,1,0,1,1,61.5150653542377,52.134316953193
3302,2,3110633.4346963,6717094.5476173,8,92.58613468155,0,0,1,1,49.2533718391329,45.5310836583833
3308,2,3111083.80335907,6715857.88425125,1,118.766344990344,0,0,1,1,52.5169542329335,58.9678217531546
3320,2,3109103.26076464,6711403.55815698,10,199.538101256487,1,2,1,2,36.8452368271678,52.2672715429265
3323,2,3110016.93457579,6710845.56048501,15,188.875742813808,1,30,1,2,29.6303320922165,50.6542945581763
3328,1,3109574.16599263,6677907.89228688,1,62.9004536260344,1,1,1,2,27.5009858145646,36.4639461384214
3335,2,3108431.18466631,6683723.97222321,2,104.187890641085,0,0,1,1,26.5143172272569,35.7702356897628
3337,2,3105714.33481385,6687396.75856948,1,119.022121677565,1,0,1,1,34.9405720671031,44.976888311833
3340,2,3108775.88283642,6697817.70741789,70,200.913549600044,0,2,1,1,53.9463416306458,56.0480252027263
3348,1,3105841.77490204,6686803.77564801,1,115.7361470639,1,7,1,1,34.9405720671031,44.976888311833
3350,1,3101910.2654976,6717328.26671937,2,84.24045278984,1,5,1,2,35.0890059776719,39.977625614023
3353,1,3102426.39666136,6716714.44101253,,96.5390443435945,1,,1,2,34.5174758210507,37.3166895753102
3359,3,3102666.69562061,6715008.2833282,5,112.424961952093,0,0,1,2,43.7091237520088,37.3820924527733
3368,3,3102808.03535953,6717265.34043706,15,93.454397015434,0,5,1,1,30.1336903730016,44.7397603922932
3372,2,3103717.81854443,6717162.78283684,7,99.7555074429253,1,5,1,1,29.647719956644,43.260526390893
3375,2,3103913.9876739,6720455.53529457,5,47.5171915256739,0,5,1,1,39.4201003717636,43.2500430033147
3376,2,3104063.67660768,6718376.16822533,8,77.9971026413151,0,2,1,1,29.647719956644,43.260526390893
3379,2,3100244.82091938,6712744.14663802,40,107.977494361245,0,0,1,1,38.7240556032371,44.2913191978753
3382,4,3101336.1271315,6712510.05866351,8,139.822992355381,0,15,1,3,38.9107070120241,45.3206924136428
3383,4,3101460.80313162,6712681.91753066,80,136.588314458499,0,15,1,1,38.9107070120241,45.3206924136428
3389,2,3101289.87773053,6710683.84866479,2,184.923492092497,0,15,1,2,38.8404107412506,41.7389189439384
3408,2,3119396.29736351,6677260.99449013,8,145.681803254984,1,5,1,1,32.3901845446364,64.2992740707041
3425,3,3117743.21266582,6674258.64102395,30,89.5419171840757,0,4,1,1,31.6387722845292,46.865152729754
3426,2,3117982.57932478,6674285.22924039,18,94.1935382218663,0,15,1,1,31.6387722845292,46.865152729754
3501,2,3111145.03032438,6683765.92958809,12,125.890953779635,0,10,1,1,30.1248059366157,41.239493477515
3502,2,3112057.06423217,6683065.95385871,12,121.014274307963,0,5,0,1,153.38653344499,220.182788076263
3508,2,3108818.41678915,6681294.71695733,4,84.248828085592,0,0,1,1,26.3235144293589,34.0639227049938
3509,2,3108363.57900758,6683079.89925564,3,93.9127037441181,1,0,1,3,26.5143172272569,35.7702356897628
3511,1,3108476.0215997,6683683.70545616,11,102.053945954583,1,2,1,1,26.5143172272569,35.7702356897628
3512,2,3107125.10066196,6686042.96597664,1,114.42475076657,1,0,1,2,33.6759931263287,40.2267851662805
3515,1,3107519.5436368,6683590.81448873,7,91.0719571919583,0,2,1,2,30.6752031523467,34.2294692930556
3517,2,3108319.09707333,6683666.06800105,1,103.475624155142,0,2,1,1,26.5143172272569,35.7702356897628
3533,2,3112022.61468262,6691850.37831066,15,166.79983697089,0,0,1,1,57.0372720741002,49.9895448910491
3550,2,3112586.71905633,6688225.98043383,50,203.05990300386,1,0,1,2,41.0974080342756,41.907971764737
3558,2,3108201.07774256,6690077.98850393,8,116.155701188659,0,3,1,2,45.778410387917,61.3217326648579
3579,2,3112272.97503891,6698016.412991,1,165.97084200467,0,3,0,1,44.6747736205479,48.70997035018
3583,2,3110049.80794956,6697567.62831468,300,199.509226305374,0,10,1,1,52.195301553602,71.8751781545359
3587,3,3110169.43751892,6697044.9431871,100,210.005109241079,0,40,1,1,48.3595245013381,46.9975015531999
3588,2,3110217.00732213,6696990.80505933,5,212.024433418004,0,30,1,2,51.9664005179536,43.7124711585488
3597,2,3110543.05831639,6696381.60263399,100,203.729456049751,0,0,1,1,51.9664005179536,43.7124711585488
3603,3,3110243.43460398,6696205.43154452,3,212.078390092111,0,0,1,1,51.9664005179536,43.7124711585488
3623,2,3108902.99283378,6695434.21952331,20,191.355285074892,0,10,1,1,48.7771585467403,59.007218513079
3631,3,3095745.41782892,6693748.49976837,10,44.972791199455,0,20,1,2,35.7252184689773,36.6209137073345
3655,1,3148478.68115015,6687174.56698292,1,70.0965697853278,0,25,1,1,29.5761720450721,34.9147824361241
3685,2,3149657.46092621,6684940.5221259,8,51.740022368703,0,20,1,1,23.1574562869785,35.7198913384544
3737,4,3101410.76869639,6709793.54243512,221,192.153463094322,0,15,1,1,41.7299676390946,45.6870194244015
3740,2,3101505.63008078,6709422.45984463,500,186.989896744105,1,10,1,2,41.7299676390946,45.6870194244015
3741,2,3101260.77597556,6709669.84941553,3,192.657484984931,0,2,1,1,48.2502776342475,42.6522944348913
3748,4,3101598.4400682,6709595.06714285,4,196.527988819081,1,15,1,1,41.7299676390946,45.6870194244015
3750,2,3101856.01895421,6709358.0010839,2,192.789106584474,0,5,1,1,43.4523824128207,44.4985594350681
3758,2,3101292.76308813,6709185.68767625,,180.750255141771,0,,1,1,41.7299676390946,45.6870194244015
3791,2,3120330.91282229,6707107.85013071,3,215.208585884909,1,2,1,1,45.5673879986313,35.1995358558279
3801,4,3112186.49473899,6713044.84387196,250,181.107225544487,1,30,1,1,34.1934753690917,59.9986382775519
3804,2,3133703.06986244,6699757.85455491,1,110.870649030736,0,10,1,1,33.8095315956998,39.3054249038571
3903,2,3121730.62653222,6682175.41441789,100,214.14367570239,0,1,1,,30.9135350557044,59.7710660587144
3915,3,3125362.96018557,6682900.59284592,10,225.649483702479,0,10,1,2,36.3575884736293,40.7777885973793
3917,2,3125653.26467949,6681621.46067887,3,177.085393618138,0,10,1,1,42.7593302745657,43.2583994877075
3924,2,3126071.46402223,6686092.65311036,17,261.311260839003,0,10,1,1,24.3847150324413,53.0483215134708
3970,2,3109043.35269807,6680892.32212707,3,86.447608589326,0,2,1,1,26.3235144293589,34.0639227049938
4000,1,3109011.65341328,6680454.34618726,5,84.8700362238041,0,0,1,1,29.4702972596953,40.6896338780075
4004,1,3120012.37565173,6712426.73436877,3,83.7484167622671,1,5,1,2,35.9120771424548,55.0071837638014
4009,2,3120030.15484141,6714103.33414974,35,60.6430723418655,1,1,1,2,32.1136628583038,57.0121271052161
4015,1,3114304.38155167,6705423.60945249,10,191.478334289542,0,15,1,2,43.5946771605848,39.6955799154673
4029,2,3114901.16035986,6706482.93558133,,191.079138845306,0,,0,2,43.4820333255661,49.4779052314777
4040,2,3112851.57595402,6707984.36299103,2,178.607309857619,0,0,0,2,41.3877671201756,58.3598956250142
4054,2,3113540.0196144,6709519.46943307,5,176.553039688026,0,5,1,1,31.5922272110413,66.3139293188762
4059,2,3112804.56448731,6709228.32675115,150,175.242628054597,0,15,1,1,29.3468705762344,71.5093120201773
4073,4,3111892.00743761,6704253.14060329,80,188.879523992234,1,3,1,2,50.2950613389035,38.2709518311767
4074,2,3111610.71671335,6704139.584769,7,197.829689473155,1,0,1,1,48.5846309719756,44.4514758180911
4089,2,3117498.22701426,6714314.20088273,5,68.9594284811955,0,0,1,2,44.4931564785875,67.9169004242121
4102,1,3115770.05254228,6712125.94294185,1,124.584463951174,0,0,1,2,41.3858066545474,56.4371772138241
4126,2,3111153.86150655,6705956.34895533,10,195.811847890901,0,4,1,1,40.7705925940862,48.5189537386474
4183,2,3111657.02327949,6701369.49828928,25,194.081413454436,0,7,1,1,54.5396188048262,51.7943645235205
4193,2,3106211.13829203,6711341.71524388,70,211.296944365154,0,12,1,,40.1679533116247,50.7073473228993
4212,2,3108207.70915154,6708044.56202287,60,220.954102373991,0,15,1,1,33.7913211968068,57.0156293904946
4220,4,3108845.22802399,6710292.95322992,1000,201.83455448127,1,3,1,2,31.9295763822516,50.8868433790371
4225,2,3108893.23650531,6711406.64880472,,199.98629952657,0,,1,1,36.8452368271678,52.2672715429265
4297,2,3106500.09586262,6703342.13949619,5,236.054950198107,0,2,1,1,49.6233108135389,53.0486424641102
4308,1,3106022.41915927,6702711.4770298,50,237.248981200755,1,15,1,1,63.8621649981258,74.7895862797325
4313,1,3105156.1727387,6703013.46466665,25,231.464670187532,0,2,1,2,60.6779328510147,62.6222329403915
4396,2,3104547.15767898,6708947.35896975,1,198.757045993536,1,10,1,1,42.9557067141638,45.0425121797014
4398,2,3103000.95570924,6708821.57003246,10,181.081547593851,0,15,1,2,47.7517660397821,42.7417524726346
4403,4,3102925.52406193,6709456.26941894,35,186.737833697834,0,10,1,1,47.7517660397821,42.7417524726346
4420,2,3106741.35965917,6687240.05629063,2,120.636034676694,1,0,1,1,33.766642118846,37.3683199012141
4421,2,3106713.23511596,6686723.05287388,4,118.061968725707,0,7,1,1,33.766642118846,37.3683199012141
4430,2,3105765.35798985,6686945.68381587,3,116.26157756818,0,7,1,1,34.9405720671031,44.976888311833
4470,1,3101506.0174872,6687410.89545923,1,80.3655937170441,0,0,1,1,35.936776372384,49.1318999100274
4480,2,3101961.02835916,6689399.11278157,1,98.1630451774748,1,0,1,1,31.5426007122591,45.6161706941384
4481,3,3102340.75262854,6688378.86324532,6,99.3415284910129,0,0,1,1,31.637573605339,38.9364407081659
4484,1,3102517.45679606,6688442.38910766,5,100.164008779035,0,1,1,2,31.637573605339,38.9364407081659
4488,4,3099884.59649128,6687913.09436235,20,72.3921609343205,0,1,1,1,29.586796363025,42.3913360443501
4491,2,3098388.8844717,6687750.78747899,1,56.4099062130777,1,1,1,1,30.1665265848502,49.2934788027038
4502,3,3098954.87929698,6686752.71276899,18,51.504699233146,1,1,1,1,30.4153993598823,47.7876618148276
4541,3,3100305.37093148,6700967.67318901,2000,177.129501794499,0,3,1,1,58.0750552165097,42.898484419683
4544,1,3101009.34471468,6701073.50609873,5,191.359669678055,0,4,1,2,59.4845873817508,41.1947839173207
4554,2,3099923.88644726,6710141.5831052,20,137.04825286302,0,25,1,1,44.1198466658321,42.83337613755
4555,3,3099753.98044122,6710219.3523137,150,126.838737324919,0,15,1,1,45.1300638114765,43.3834674262272
4557,2,3101119.44102846,6711034.57186493,2,170.204233262697,1,10,1,2,38.0970818499176,41.3957623943444
4582,3,3102563.73898455,6696349.25922415,2,166.109729189272,1,20,1,1,41.742095699001,49.1322103111555
4585,3,3098991.00031558,6697829.57184142,50,123.535857101947,1,20,1,1,49.2657526985652,54.8961678120645
4616,1,3100795.87891691,6692750.8225964,3,96.1189554640572,0,20,1,2,36.7441483995869,76.0634074817288
4633,3,3097894.17269786,6694609.32164838,15,75.0386766831957,1,25,1,2,37.7494693681098,41.6260173884206
4640,1,3107552.12210512,6700361.24731676,1,188.057866950794,0,5,1,2,59.2298447674807,61.6208552475236
4646,2,3106520.07782132,6698714.43281096,3,189.523917494435,0,10,1,1,61.1779546248326,59.2071715710465
4651,2,3101016.23711376,6699233.2473481,2,167.925693039264,0,10,1,2,63.7673823843727,48.0640335088592
4679,1,3102944.15090897,6700064.06465981,3,184.606064281166,1,10,1,2,76.0356340369117,57.8778749957259
4684,1,3098390.69700177,6695029.4601893,2,84.9974878105492,0,10,1,,38.4971182423833,42.1321386867905
4800,3,3139725.42650452,6684121.2345736,25,88.5798766798759,0,15,1,2,35.8606772909261,60.6153801975961
4803,2,3139179.37230808,6683772.05290346,,95.7733800817141,0,,1,2,31.4208688561373,36.8125550900338
4805,2,3140232.67876471,6683770.74365674,8,99.1393865883453,0,10,1,2,27.9591860354011,36.4526328666416
4806,1,3140396.32707092,6683656.83547398,2,100.486087155715,0,1,1,1,28.00827528544,48.4647414830041
4807,1,3140562.45925959,6683673.0129618,7,97.4313272785285,0,6,1,1,28.00827528544,48.4647414830041
4808,2,3140442.80332975,6683829.01201894,8,94.9268887471466,0,12,1,1,28.00827528544,48.4647414830041
4809,1,3140697.54393324,6684029.29176928,4,87.1288139787023,0,3,0,1,55.8297708830335,73.5098159020882
4816,2,3139452.67373301,6683138.20265328,75,108.560186573393,0,20,1,2,30.223586555372,43.428376747645
4818,2,3139144.00060437,6683313.77433801,10,104.967094306093,0,10,1,,31.4208688561373,36.8125550900338
4838,1,3139079.66016675,6681759.8862373,5,109.711681491775,0,4,1,2,33.5094455205927,45.7848962669327
4841,2,3138517.62850926,6682042.95395756,6,108.638018841843,1,6,1,2,30.3638686555299,42.5480788227613
4843,2,3138365.73444988,6681937.24197383,10,103.828195251259,0,7,1,2,30.3638686555299,42.5480788227613
4867,3,3137471.8133528,6677686.52278524,20,100.75877059842,0,5,1,2,33.5173018673835,59.9960616727927
4869,2,3140413.73842854,6680728.40966715,16,91.4269733687747,1,7,1,2,29.1170271612923,49.6117455638949
4889,3,3140605.79709881,6681931.79213812,,107.062604608186,1,,1,2,25.1482245508672,41.7637491615127
4892,3,3137397.32498666,6677503.65092138,5,102.501776677206,0,6,1,1,33.5173018673835,59.9960616727927
4893,2,3137274.0082731,6677608.5787772,15,100.530803642027,0,7,1,1,28.4279080950552,55.045848257949
5018,2,3113906.15614467,6713480.03483483,50,138.900786570232,0,0,1,1,34.6325116952036,59.7642617092219
5030,3,3101591.40845532,6712462.38245751,80,144.8449971035,0,10,1,1,38.9107070120241,45.3206924136428
5100,2,3130935.79668546,6692193.75141234,1,78.1316185487742,0,10,1,1,34.8827177968351,39.4783284585705
5114,3,3102531.2400132,6696265.13198917,2,164.778315944348,0,20,1,1,41.742095699001,49.1322103111555
5504,2,3092138.08856123,6710357.66515027,6,54.8485710237367,0,4,1,2,39.4074235238593,47.5092731005373
5505,2,3092133.6865173,6710559.28685329,1,52.3216707497218,0,6,1,2,36.4074440946953,57.7447523205356
5509,3,3091925.57067547,6711399.07022597,20,40.5605406986874,0,15,1,2,35.6716348633454,53.1318990478049
5526,2,3123721.90168992,6697760.6588207,20,347.998040482082,1,0,1,1,48.434128370812,65.1941351877966
7009,2,3102716.72935204,6717420.95312228,2,91.1246004191178,1,2,1,2,31.5981778470011,45.6200219855261
7021,1,3106556.51355772,6712485.20320969,,193.066074524704,1,,1,3,41.3754094632481,45.9463467809211
7023,2,3105255.34314414,6712278.19263052,7,188.084233787593,0,0,1,2,39.7292766461697,44.5145773584008
7027,3,3104677.75661472,6717078.64003319,15,101.619528860419,1,5,1,1,34.1027564290057,45.8891898139453
7036,2,3138716.78283029,6677811.84051444,3,96.1078473600985,0,7,1,1,34.5799785768202,47.1751176843029
7051,2,3141877.84443014,6682276.31061013,1,94.3968835941436,0,6,1,1,26.5743016884266,47.0273673500709
7059,2,3140945.77080727,6681934.79904731,2,106.212845427027,0,5,1,1,23.8326987922821,41.3046446726928
7064,2,3107346.79465691,6687376.21335455,3,120.898279557745,0,0,1,2,33.6759931263287,40.2267851662805
7112,3,3107350.83638477,6708978.29677226,150,231.506936058805,1,20,1,,34.3466003745079,49.9629699798085
8001,3,3107204.7312476,6716972.95421897,20,133.689997208756,0,5,1,2,31.88446346136,47.7632120830049
8002,2,3108641.87955325,6715333.23166496,10,156.077125174924,0,0,1,1,43.2079190839435,55.5942431300451
8013,1,3137351.34588486,6677282.9179072,2,102.348157457471,0,6,1,2,28.450030158046,49.2164967503481
8019,3,3108839.16829563,6681220.33218543,7,84.2284704346497,1,1,1,2,26.3235144293589,34.0639227049938
8301,1,3140244.69864887,6680458.05719122,2,92.2321937399658,1,3,1,2,30.1476356414603,55.3229933071808
8303,1,3139991.16277721,6681866.89728962,5,112.220669370842,0,7,1,,22.1226338640772,35.7047479851634
8508,2,3141283.56900742,6682198.04052451,1,104.113901991867,0,4,0,,23.8326987922821,41.3046446726928
8511,2,3113955.85438135,6713379.57381401,5,139.741132612051,0,15,0,,34.6325116952036,59.7642617092219
8513,1,3148154.50288509,6687183.11399562,1,68.2959419345152,0,15,0,,27.8521694327821,35.2206074364337
8530,3,3085629.35303477,6696716.47442509,15,41.3506758914729,0,3,0,,41.6262840219868,38.9492503989845
8532,2,3085646.7540943,6696549.05487025,20,40.1005455615687,0,3,0,,41.6262840219868,38.9492503989845
8533,3,3085897.22478047,6700861.09635429,5,61.8480648835101,0,25,0,,40.0172961903733,39.3093568475199
8534,3,3085905.02898918,6700724.9306394,3,60.5088739397564,0,25,0,,40.0172961903733,39.3093568475199
8547,2,3118104.10242855,6673474.85790459,20,76.7570570106449,0,1,0,,36.9130737550147,45.1112299869173
8555,2,3116590.25786379,6701154.52996532,3,249.231878388692,0,15,0,,47.7863582981047,35.3343767039021
8568,1,3100242.45822875,6710880.00337877,1,143.601874022954,0,0,0,,35.8990738448024,45.1207596191193
8579,4,3099926.98927501,6687865.90784626,17,72.9961694457716,0,0,0,,29.586796363025,42.3913360443501
8595,3,3121290.19478829,6698773.46336889,6,329.006161376208,0,10,0,,61.7661049187274,49.8300727299346
8599,3,3092109.97192169,6711699.98176608,60,33.9927331837516,0,30,0,,36.4074440946953,57.7447523205356
9000,2,3085748.26847239,6696642.72703488,10,42.1392083283411,0,5,0,,41.6262840219868,38.9492503989845
9002,2,3087974.33138363,6693666.85812984,2,30.2331611566936,0,15,0,,43.125400671022,40.298756460573
9018,1,3101383.96464341,6712572.04350138,1,142.254995602603,0,10,0,,38.9107070120241,45.3206924136428
9021,3,3102670.82222043,6696339.40899441,3,165.568379922022,0,25,0,,41.742095699001,49.1322103111555
9025,2,3095662.40981812,6702593.48265116,4,138.458532330818,0,25,0,,58.4086100966378,65.3596097539778
9026,2,3116992.17771509,6701176.51982681,1,256.661829245597,0,10,0,,44.606889797424,32.2123798015586
9037,2,3122369.47532162,6698579.14950812,,389.113152517019,0,,0,,53.9549601205755,56.476409189952
9043,2,3128658.75882458,6696334.94447643,,140.014474682777,0,,0,,47.8283187775128,41.8112555796939
9045,1,3108118.89434518,6703558.02412098,1,232.702845696255,0,5,0,,47.4344688926148,60.7615494170453
9056,2,3120712.9721302,6707262.12542969,1,213.275403653367,0,25,0,,47.3432985250492,44.5437017719269
9063,3,3113989.28504626,6714129.26810302,,125.46203857791,0,,0,,34.6325116952036,59.7642617092219
9064,2,3122434.45122177,6698185.07735244,12,378.283805797297,0,4,0,,53.9549601205755,56.476409189952
9066,3,3120125.65082691,6682154.36314561,,151.148306930673,0,,0,,32.3554312701913,54.3173454994152
9067,1,3125489.26247906,6689723.60855686,3,210.437601355205,0,10,0,,33.2588881643722,78.5180946715372
9068,1,3128473.96804181,6696912.05369247,1,144.506348414917,0,3,0,,35.3505931478163,48.4027018083862
9074,1,3122378.52879042,6682229.50215128,10,227.16617302836,0,0,0,,35.5719305033931,60.8952669026316
9080,1,3118419.86728247,6704541.54806394,2,270.58250056561,0,5,0,,49.4785442110793,39.7881128931702
9087,2,3112046.90841427,6701046.0682607,5,196.364325813843,0,15,0,,49.8630757178654,57.2810219728569
9089,2,3139523.7757679,6683706.39509825,2,102.322353721899,0,15,0,,30.223586555372,43.428376747645
9093,2,3102160.04259888,6720697.31757319,8,54.917892647717,0,0,0,,42.520455325422,45.2542975994061
9105,2,3093016.35078387,6703954.6173519,,99.4983163607792,0,,0,,51.8774252998148,57.3791865580647
9127,2,3117560.59467776,6697843.47796753,2,223.173436969616,0,1,0,,44.8941156953408,45.7974716984627
9144,1,3101153.3047027,6708948.59824273,1,170.80792311186,0,2,0,,41.7299676390946,45.6870194244015
9146,3,3102030.29483333,6697461.11273988,1,177.576222572665,0,10,0,,59.6453901274615,76.3243458079343
9152,3,3099759.0689888,6698676.29616312,2,151.349911218057,0,25,0,,52.1597840489112,58.8318240443459
9207,1,3125471.95830568,6683180.4807303,3,227.243287059458,0,25,0,,36.3575884736293,40.7777885973793
9218,4,3105602.42001348,6712551.26907485,100,190.372459423831,0,0,0,,37.6985845853147,40.1977674211345
9219,2,3105817.26070944,6712736.16138906,20,191.852292624194,0,0,0,,37.6985845853147,40.1977674211345
9222,2,3111802.13886621,6713412.72837565,5,185.044994720477,0,7,0,,36.8538238026992,63.8316899773799
9226,2,3120280.46663155,6697514.95734845,40,231.245782031536,0,2,0,,63.913707382603,52.7749048257569
9228,3,3122663.94669807,6698119.93628782,40,376.443893965684,0,6,0,,53.9549601205755,56.476409189952
9229,2,3103826.95645906,6702261.63828766,3,222.08354926759,0,10,0,,61.6873093981076,52.2352609116616
9230,2,3101279.54504359,6710793.05433698,2,182.040538031677,0,5,0,,38.8404107412506,41.7389189439384
9235,1,3095443.78237827,6702146.97228955,6,134.169660736759,0,60,0,,58.4086100966378,65.3596097539778
9556,1,3125110.18823299,6682893.88088805,3,233.070347269954,0,20,0,,32.217164907417,47.3874545378023
9570,2,3150479.20922829,6692510.99791144,10,81.2491632123081,0,2,0,,28.2165906637212,31.4556165040669
9583,2,3112583.38352109,6683061.10488433,6,126.324264258624,0,6,0,,33.1153871265255,34.9331052884046
9587,1,3120381.24897902,6713770.38746474,2,65.3274469862064,0,8,0,,35.8642522436116,58.3820983024712
9593,2,3127281.01334413,6685889.92075919,4,193.206258747077,0,20,0,,25.6076326502898,44.5233735562019
9597,2,3125560.46448493,6684851.04416566,7,248.077545984762,0,10,0,,26.5008753351358,48.7929833033512
9613,2,3124821.6354949,6682299.36772388,10,222.374792471306,0,10,0,,32.217164907417,47.3874545378023
9614,3,3126023.56849973,6684629.42847483,6,232.51421070482,0,15,0,,27.080783452202,46.461783500148
9618,2,3120960.14356241,6705883.26000539,15,237.843916189955,0,5,0,,71.1229193039528,53.3514578493321
9619,2,3101275.0662535,6711945.57345298,6,152.189776130141,0,10,0,,38.9107070120241,45.3206924136428
9657,2,3133518.24912792,6701134.56406268,1,108.139784539279,0,5,0,,30.1551457040897,43.7025309209134
9678,1,3100231.67289537,6700589.29107208,3,185.199525521031,0,3,0,,59.4658171494866,49.2339752406566
9690,2,3111302.29568558,6706063.03708384,3,193.511243966356,0,4,0,,40.4235992053874,48.8071182937098
9700,1,3109124.455268,6715473.84033549,4,152.994601140398,0,20,0,,45.359359537182,64.0458271255782
9705,2,3119851.94252603,6676028.02700084,20,144.159428585354,0,10,0,,37.050799033096,57.6569011325191
9709,3,3139950.33776695,6683646.61370461,25,103.278590381732,0,25,0,,27.9591860354011,36.4526328666416
9714,2,3141369.63361295,6682092.40588473,7,101.464119020965,0,6,0,,22.9335429051706,42.343380004918
9031,2,3133716.29047119,6702315.86364482,15,90.6125793499305,0,5,1,1,37.5709236127749,44.8125859051309
9161,1,3125358.96003776,6687015.1974108,500,284.67648650135,0,20,1,1,36.8332998451238,54.3300694701089
935,2,3141896.77340843,6682441.09563161,3,93.8852432400584,0,4,1,2,26.5743016884266,47.0273673500709
9029,4,3113048.89881274,6708612.51329152,1000,172.857554955892,0,10,1,2,31.5922272110413,66.3139293188762
9030,2,3102122.42401872,6701902.0832985,50,189.072272487492,0,10,1,1,66.5895962469301,42.140251268385
9204,2,3124252.53654997,6710516.07879531,7,71.0769979489746,1,10,1,2,45.1862453082742,46.5816574730217
1876,1,3123160.03726316,6703099.66240198,4,273.818555758242,0,3,1,2,44.3088950918342,56.6420596972066
9205,1,3088094.72397571,6693755.15974178,5,30.5054550645414,0,10,1,1,43.125400671022,40.298756460573
9041,2,3125861.55653716,6684782.77755278,5,240.009527258828,0,15,1,2,24.4690240417735,49.6183303236273
947,2,3121826.04852844,6682149.83311776,1000,209.350891406703,1,2,1,1,32.51676910193,50.478036853225
9208,2,3117558.87880408,6700416.81114727,15,259.371592401716,0,2,1,,44.3054957294153,34.9664747708394
9209,3,3108859.48272693,6681427.06137577,14,83.2797313195292,0,3,1,1,26.3235144293589,34.0639227049938
9211,2,3109307.01992404,6705570.89076664,3,226.828151178667,1,5,1,2,39.0072591821242,49.780813330842
1043,1,3100696.46997803,6692629.61907804,30,90.881591659881,0,20,1,1,36.7441483995869,76.0634074817288
9215,3,3101544.82310032,6712529.64035324,20,143.450793863179,0,8,1,2,38.9107070120241,45.3206924136428
1831,3,3120952.88812486,6707429.31856568,20,204.619196350291,0,15,1,1,44.2657595386126,49.1872825836186
9596,2,3125828.95228604,6685416.59020824,15,253.350588615133,1,20,1,1,26.5008753351358,48.7929833033512
9563,3,3098846.24149672,6704147.41543817,70,167.00061988505,1,10,1,1,48.7149734501678,41.0379062799434
9564,1,3098880.7364056,6703068.05240644,150,166.642357118728,0,4,1,2,44.1222959369794,38.5719841656628
9567,2,3120046.23544711,6676178.02542462,4,143.718049248868,1,10,1,1,34.4778692257832,46.3542836788152
9569,2,3126509.99252405,6685550.31392566,60,224.784677599714,1,20,1,1,23.4811305753028,48.9193557372184
9571,3,3120634.06892806,6713490.16368643,200,61.2559179864025,1,10,1,2,40.2244671164071,58.5458331973007
9572,1,3124995.06320383,6688901.02765373,5,231.908057966896,1,25,1,1,37.9553869181727,56.7692908998399
9584,1,3147415.54480623,6685545.16445861,7,61.6294730171852,1,20,1,2,50.7636954287753,67.9191623265965
9585,2,3119928.91917427,6677405.78355643,10,147.562836454757,0,5,1,1,28.6520923337664,46.6123150466635
9592,3,3126115.85715423,6687468.9669495,45,260.964204997081,1,10,1,1,40.4054112130268,73.2130864149239
9606,2,3121642.75336691,6682029.91837688,,210.611563619796,1,,1,2,30.9135350557044,59.7710660587144
9623,3,3122341.80204641,6698640.55055896,10,388.578025635447,0,3,1,1,53.9549601205755,56.476409189952
9626,2,3124892.93613434,6697340.0756607,100,279.946732418933,1,0,1,1,46.2483305730878,57.7332080354803
9631,3,3090395.87552451,6701847.80494837,35,135.468025479765,1,15,1,1,49.2863058951912,53.6182956033782
9638,2,3118741.43750244,6698948.90081189,10,251.507161552932,0,8,1,2,42.0246060579945,37.7451742252241
9643,1,3129864.68545195,6697488.7060746,8,115.752071142373,1,6,1,1,41.1358350632494,63.9903662980582
9654,3,3111084.42439014,6705011.85774574,15,202.478044886069,0,2,1,2,48.3032025830372,47.0792598133758
9663,2,3092126.54964173,6710238.21114485,5,56.4446467292184,0,5,1,1,39.4074235238593,47.5092731005373
9668,2,3089638.18895468,6698337.21851166,100,106.743046298813,0,25,1,1,41.3831322617501,56.2457611661266
